feature,mean_abs_shap
tenure_months,0.15266668671079323
contract_type,0.13357924003985983
monthly_charges,0.10189359126639111
satisfaction_score,0.05659824266865189
tech_support,0.040408663423731325
days_since_last_login,0.03753999915088721
num_support_calls_6m,0.03296800206927847
online_security,0.030171430448673646
payment_method,0.028553635349544654
late_payments_last_year,0.026202363549875755
senior_citizen,0.023401580252911055
dependents,0.018232728405982144
partner,0.01758352510078321
internet_service,0.016281727335047503
multiple_lines,0.01572544002921976
total_charges,0.0150178355220707
avg_monthly_usage_gb,0.014008613381474784
paperless_billing,0.009102528106145712
streaming_tv,0.008254666082978975
online_backup,0.006122936100061721
device_protection,0.005043192930134899
streaming_movies,0.0029720652512202623
